Experiment,SOR,MAE
1,0.3072105405629316,2.5575846028645834
2,0.3719459354809189,3.0229690788089223
3,0.28767130842440475,2.1998001170559767
4,0.409169631369955,2.2461867042824086
5,0.37192533977602554,2.425380168876264
6,0.3798111749691335,2.355444648305976
7,0.32691200094592754,2.6704447469486547
8,0.32608904038049435,2.159939005944865
9,0.3189205527123947,2.1772075902251684
